Language	Concept	Value	Dataset	Morphology	Borrowing
Bantawa-Thidingkha	ant	kəmila	Bantawa	k ə + m i + l a	loan/nep
Bantawa-Thidingkha	cow	gai	Bantawa		loan/nep
Bantawa-Timma	heavy	gəruŋ	Bantawa	g ə + r u ŋ	loan/nep
Bantawa-Khoku	onion	pjadzu	Bantawa		loan/nep
Bantawa-Lungin	onion	pjadzu	Bantawa		loan/nep
Bantawa-Thidingkha	onion	pjadzu	Bantawa		loan/nep
Bantawa-Timma	onion	pjadz	Bantawa		loan/nep
Bantawa-Okhre	onion	pjadz	Bantawa		loan/nep
Bantawa-Khoku	ring	əuṭhi	Bantawa	ə u + ʈʰ i	loan/nep
Bantawa-Lungin	ring	əuṭhi	Bantawa		loan/nep
Bantawa-Thidingkha	ring	chokwenma	Bantawa	tsʰ o k + w e n + m a	loan/nep
Bantawa-Timma	ring	əuṭhi	Bantawa		loan/nep
Bantawa-Okhre	ring	əuṭhi	Bantawa		loan/nep
Bantawa-Khoku	roof	dhuri	Bantawa		loan/nep
Bantawa-Lungin	roof	ḍhuri	Bantawa		loan/nep
Bantawa-Thidingkha	roof	chana	Bantawa		loan/nep
Bantawa-Timma	roof	ḍhuri	Bantawa		loan/nep
Bantawa-Okhre	roof	chana	Bantawa		loan/nep
Bantawa-Khoku	smoke	dhuwa	Bantawa		loan/nep
Bantawa-Lungin	smoke	dhuŋwa	Bantawa		loan/nep
Bantawa-Thidingkha	smoke	dhuŋwa	Bantawa		loan/nep
Bantawa-Timma	smoke	dhuwa	Bantawa		loan/nep
Bantawa-Okhre	smoke	dhuwa	Bantawa		loan/nep
Bantawa-Khoku	tomato	nrbhenḍa	Bantawa		loan/nep
Bantawa-Lungin	tomato	bendasi	Bantawa		loan/nep
Bantawa-Thidingkha	tomato	benḍasi	Bantawa		loan/nep
Bantawa-Timma	tomato	bendasi	Bantawa		loan/nep
Bantawa-Okhre	tomato	benḍasi	Bantawa		loan/nep
Bantawa-Khoku	twelve	barə	Bantawa		loan/nep
Bantawa-Lungin	twelve	barə	Bantawa		loan/nep
Bantawa-Thidingkha	twelve	barə	Bantawa		loan/nep
Bantawa-Timma	twelve	barə	Bantawa		loan/nep
Bantawa-Okhre	twelve	barə	Bantawa		loan/nep
Bantawa-Khoku	twenty	bis	Bantawa	b i s	loan/nep
Bantawa-Lungin	twenty	bis	Bantawa	b i s	loan/nep
Bantawa-Thidingkha	twenty	bis	Bantawa	b i s	loan/nep
Bantawa-Timma	twenty	bis	Bantawa	b i s	loan/nep
Bantawa-Okhre	twenty	bis	Bantawa	b i s	loan/nep
Bantawa-Khoku	whole	dzamma	Bantawa		loan/nep
Bantawa-Khoku	cloud	kuiro	Bantawa		loan/nep
Bantawa-Lungin	cloud	kuiro	Bantawa		loan/nep
Bantawa-Thidingkha	cloud	kuiro	Bantawa		loan/nep
Bantawa-Timma	cloud	kuiro	Bantawa		loan/nep
Bantawa-Okhre	cloud	kuiro	Bantawa		loan/nep
Bantawa-Okhre	black	kalo	Bantawa		nep/loan
Bantawa-Lungin	axe	bəncuro	Bantawa	b ə n + tsu + r o	nep/loan "axe": b ə n + ts ə + r o
Bantawa-Thidingkha	axe	bəncəro	Bantawa	b ə n + tsu + r o	nep/loan "axe": b ə n + ts ə + r o
Bantawa-Timma	axe	bəncuro	Bantawa	b ə n + tsu + r o	nep/loan "axe": b ə n + ts ə + r o
Bantawa-Okhre	axe	bəncəro	Bantawa	b ə n + tsu + r o	nep/loan "axe": b ə n + ts ə + r o
Bantawa-Khoku	cabbage	banda kopi	Bantawa		nep/loan
Bantawa-Lungin	cabbage	bənda kopi	Bantawa		nep/loan
Bantawa-Thidingkha	cabbage	bənda kopi	Bantawa		nep/loan
Bantawa-Timma	cabbage	bənda kopi	Bantawa		nep/loan
Bantawa-Okhre	cabbage	bənda kopi	Bantawa		nep/loan
Bantawa-Khoku	cauliflower	kobi	Bantawa		nep/loan
Bantawa-Lungin	cauliflower	kopi	Bantawa		nep/loan
Bantawa-Thidingkha	cauliflower	kopi	Bantawa		nep/loan
Bantawa-Timma	cauliflower	kopi	Bantawa		nep/loan
Bantawa-Okhre	cauliflower	kopi	Bantawa		nep/loan
Bantawa-Timma	different	phərək	Bantawa	pʰ ə + r ə k	nep/loan
Bantawa-Thidingkha	door	dəilo	Bantawa		nep/loan
Bantawa-Timma	door	dəilo	Bantawa		nep/loan
Bantawa-Okhre	door	dʰoka	Bantawa		nep/loan
Bantawa-Khoku	dust	dhulo	Bantawa		nep/loan
Bantawa-Lungin	dust	dhulo	Bantawa		nep/loan
Bantawa-Thidingkha	dust	dhulo	Bantawa		nep/loan
Bantawa-Timma	dust	dhulo	Bantawa		nep/loan
Bantawa-Okhre	dust	dhulo	Bantawa		nep/loan
Bantawa-Thidingkha	eggplant	bəigun	Bantawa	b əi + g u n	nep/loan
Bantawa-Timma	eggplant	bəigun	Bantawa	b əi + g u n	nep/loan
Bantawa-Khoku	eight	aṭh	Bantawa		nep/loan
Bantawa-Lungin	eight	aṭh	Bantawa		nep/loan
Bantawa-Thidingkha	eight	aṭh	Bantawa		nep/loan
Bantawa-Timma	eight	aṭh	Bantawa		nep/loan
Bantawa-Okhre	eight	aṭh	Bantawa		nep/loan
Bantawa-Khoku	elbow	kuina	Bantawa		nep/loan
Bantawa-Timma	elbow	kuina	Bantawa		nep/loan
Bantawa-Okhre	elbow	kuina	Bantawa		nep/loan
Bantawa-Khoku	eleven	egharə	Bantawa		nep/loan
Bantawa-Lungin	eleven	egharə	Bantawa		nep/loan
Bantawa-Thidingkha	eleven	egharə	Bantawa		nep/loan
Bantawa-Timma	eleven	egharə	Bantawa		nep/loan
Bantawa-Okhre	eleven	egharə	Bantawa		nep/loan
Bantawa-Lungin	far	ṭaḍa	Bantawa		nep/loan
Bantawa-Khoku	finger	aŋguli	Bantawa		nep/loan
Bantawa-Lungin	finger	əmli	Bantawa		nep/loan
Bantawa-Thidingkha	finger	əmla	Bantawa		nep/loan
Bantawa-Timma	finger	əmla	Bantawa		nep/loan
Bantawa-Okhre	finger	əmli	Bantawa		nep/loan
Bantawa-Khoku	five	pac	Bantawa	p a ts	nep/loan
Bantawa-Lungin	five	pac	Bantawa	p a ts	nep/loan
Bantawa-Thidingkha	five	pac	Bantawa	p a ts	nep/loan
Bantawa-Timma	five	pac	Bantawa	p a ts	nep/loan
Bantawa-Okhre	five	pac	Bantawa	p a ts	nep/loan
Bantawa-Khoku	four	car	Bantawa	ts a  r	nep/loan
Bantawa-Lungin	four	car	Bantawa	ts a  r	nep/loan
Bantawa-Thidingkha	four	car	Bantawa	ts a  r	nep/loan
Bantawa-Khoku	goat	bakhra	Bantawa	b a kʰ + r a	nep/loan
Bantawa-Lungin	goat	bakhra	Bantawa	b a kʰ + r a	nep/loan
Bantawa-Thidingkha	goat	bakhra	Bantawa	b a kʰ + r a	nep/loan
Bantawa-Khoku	gold	sona	Bantawa		nep/loan
Bantawa-Lungin	gold	sona	Bantawa		nep/loan
Bantawa-Thidingkha	gold	suna	Bantawa		nep/loan
Bantawa-Timma	gold	sona	Bantawa		nep/loan
Bantawa-Okhre	gold	sona	Bantawa		nep/loan
Bantawa-Khoku	groundnut	bədam	Bantawa	b ə + d a m	nep/loan
Bantawa-Lungin	groundnut	bədam	Bantawa	b ə + d a m	nep/loan
Bantawa-Thidingkha	groundnut	bədam	Bantawa	b ə + d a m	nep/loan
Bantawa-Timma	groundnut	bədam	Bantawa	b ə + d a m	nep/loan
Bantawa-Okhre	groundnut	bədam	Bantawa	b ə + d a m	nep/loan
Bantawa-Khoku	hammer	martola	Bantawa		nep/loan
Bantawa-Lungin	hammer	martola	Bantawa		nep/loan
Bantawa-Thidingkha	hammer	martol	Bantawa	m a r + t o l	nep/loan
Bantawa-Timma	hammer	martola	Bantawa		nep/loan
Bantawa-Okhre	hammer	martol	Bantawa	m a r + t o l	nep/loan
Bantawa-Khoku	mother	ama	Bantawa		nep/loan
Bantawa-Timma	mother	ama, mama	Bantawa		nep/loan
Bantawa-Khoku	one hundred	eksəye	Bantawa		nep/loan
Bantawa-Lungin	one hundred	eksəye	Bantawa		nep/loan
Bantawa-Thidingkha	one hundred	eksəye	Bantawa		nep/loan
Bantawa-Timma	one hundred	eksəye	Bantawa		nep/loan
Bantawa-Okhre	one hundred	eksəye	Bantawa		nep/loan
Bantawa-Lungin	red	rato	Bantawa		nep/loan
Bantawa-Thidingkha	red	rato	Bantawa		nep/loan
Bantawa-Timma	red	rato	Bantawa		nep/loan
Bantawa-Okhre	red	rato	Bantawa		nep/loan
Bantawa-Thidingkha	rope	ḍori	Bantawa		nep/loan
Bantawa-Khoku	seven	sat	Bantawa	s a t	nep/loan
Bantawa-Lungin	seven	sat	Bantawa	s a t	nep/loan
Bantawa-Thidingkha	seven	sat	Bantawa	s a t	nep/loan
Bantawa-Timma	seven	sat	Bantawa	s a t	nep/loan
Bantawa-Okhre	seven	sat	Bantawa	s a t	nep/loan
Bantawa-Khoku	ten	dəs	Bantawa	d ə s	nep/loan
Bantawa-Lungin	ten	dəs	Bantawa	d ə s	nep/loan
Bantawa-Thidingkha	ten	dəs	Bantawa	d ə s	nep/loan
Bantawa-Timma	ten	dəs	Bantawa	d ə s	nep/loan
Bantawa-Okhre	ten	dəs	Bantawa	d ə s	nep/loan
Bantawa-Khoku	thread	dhago	Bantawa		nep/loan
Bantawa-Lungin	thread	dhago	Bantawa		nep/loan
Bantawa-Thidingkha	thread	dhago	Bantawa		nep/loan
Bantawa-Timma	thread	dhago	Bantawa		nep/loan
Bantawa-Okhre	thread	dhago	Bantawa		nep/loan
Bantawa-Khoku	week	sata	Bantawa		nep/loan
Bantawa-Lungin	week	sata	Bantawa		nep/loan
Bantawa-Thidingkha	week	həpta	Bantawa		nep/loan
Bantawa-Timma	week	sata	Bantawa		nep/loan
Bantawa-Okhre	week	həpta	Bantawa		nep/loan
Bantawa-Khoku	wheat (husked)	gəhu	Bantawa		nep/loan
Bantawa-Lungin	wheat (husked)	gəhu	Bantawa		nep/loan
Bantawa-Thidingkha	wheat (husked)	gəhu	Bantawa		nep/loan
Bantawa-Timma	wheat (husked)	gəhu	Bantawa		nep/loan
Bantawa-Okhre	wheat (husked)	gəhu	Bantawa		nep/loan
Athpahariya-Santang	to come / come!	abak	Athpahariya	a + b a k	
Athpahariya-Guthitar	sky	akas	Athpahariya	a + k a s	loan/nep
Athpahariya-Guthitar	cloud	akas	Athpahariya	a + k a s	loan/nep
Athpahariya-Guthitar	cloud	akas	Athpahariya	a + k a s	loan/nep
Athpahariya-Khalde	sky	akas	Athpahariya	a + k a s	loan/nep
Athpahariya-Khalde	wife	ameshema	Athpahariya	a + m e + s e + m a	
Athpahariya-Guthitar	wife	amyacha	Athpahariya	a + m j a + tsʰ a	
Athpahariya-Guthitar	sky	askas	Athpahariya	a + s + k a s	
Athpahariya-Santang	yesterday	asen	Athpahariya	a + s e n	
Athpahariya-Tekunala	yesterday	asen	Athpahariya	a + s e n	
Athpahariya-Khalde	yesterday	asen	Athpahariya	a + s e n	
Athpahariya-Hatiya	yesterday	asen	Athpahariya	a + s e n	
Athpahariya-Santang	ring	aŋguthi	Athpahariya	a ŋ + g u + ʈʰ i	loan/nep
Athpahariya-Tekunala	ring	əŋguthi	Athpahariya	a ŋ + g u + ʈʰ i	loan/nep
Athpahariya-Hatiya	sand	baluwat	Athpahariya	b a + l u + w a + t	loan/nep
Athpahariya-Santang	groundnut	bədam	Athpahariya	b ə + d a m	loan/nep
Athpahariya-Tekunala	groundnut	bədam	Athpahariya	b ə + d a m	loan/nep
Athpahariya-Guthitar	groundnut	bədam	Athpahariya	b ə + d a m	loan/nep
Athpahariya-Khalde	groundnut	bədam	Athpahariya	b ə + d a m	loan/nep
Athpahariya-Hatiya	groundnut	bədam	Athpahariya	b ə + d a m	loan/nep
Athpahariya-Santang	twenty	bis	Athpahariya	b i s	loan/nep
Athpahariya-Tekunala	twenty	bis	Athpahariya	b i s	loan/nep
Athpahariya-Guthitar	twenty	bis	Athpahariya	b i s	loan/nep
Athpahariya-Khalde	twenty	bis	Athpahariya	b i s	loan/nep
Athpahariya-Hatiya	twenty	bis	Athpahariya	b i s	loan/nep
Athpahariya-Guthitar	twenty	bis	Athpahariya	b i s	loan/nep
Athpahariya-Santang	morning	bhenik	Athpahariya	bʱ e + n i k	
Athpahariya-Santang	ten	dəs	Athpahariya	d ə s	nep/loan
Athpahariya-Tekunala	ten	dəs	Athpahariya	d ə s	nep/loan
Athpahariya-Guthitar	ten	dəs	Athpahariya	d ə s	nep/loan
Athpahariya-Khalde	ten	dəs	Athpahariya	d ə s	nep/loan
Athpahariya-Hatiya	ten	dəs	Athpahariya	d ə s	nep/loan
Athpahariya-Guthitar	ten	dəs	Athpahariya	d ə s	nep/loan
Athpahariya-Tekunala	day	din	Athpahariya	d i n	
Athpahariya-Santang	milk	dudh	Athpahariya	d u dʱ	nep/loan
Athpahariya-Tekunala	milk	dudh	Athpahariya	d u dʱ	nep/loan
Athpahariya-Guthitar	milk	dudh	Athpahariya	d u dʱ	nep/loan
Athpahariya-Khalde	milk	dudh	Athpahariya	d u dʱ	nep/loan
Athpahariya-Santang	door	dhwarik	Athpahariya	dʱ w a + r i k	
Athpahariya-Tekunala	door	dhwarik	Athpahariya	dʱ w a + r i k	
Athpahariya-Guthitar	door	tohəriŋ	Athpahariya	dʱ w a + r i k	
Athpahariya-Khalde	door	dhwarik	Athpahariya	dʱ w a + r i k	
Athpahariya-Hatiya	door	dhwarik	Athpahariya	dʱ w a + r i k	
Athpahariya-Hatiya	many	dzom	Athpahariya	dz o m	
Athpahariya-Guthitar	one hundred	eksəy	Athpahariya	e k + s əi	nep/loan
Athpahariya-Khalde	ring	əŋguthi	Athpahariya	ə ŋ + g u + ʈʰ i	loan/nep
Athpahariya-Hatiya	ring	əŋguthi	Athpahariya	ə ŋ + g u + ʈʰ i	loan/nep
Athpahariya-Guthitar	ring	əũthi	Athpahariya	ə ũ + ʈʰ i	loan/nep
Athpahariya-Santang	tomorrow	haniŋ	Athpahariya	h a + n i ŋ	
Athpahariya-Tekunala	tomorrow	haniŋ	Athpahariya	h a + n i ŋ	
Athpahariya-Hatiya	tomorrow	haniŋ	Athpahariya	h a + n i ŋ	
Athpahariya-Guthitar	hammer	hathauɖa	Athpahariya	h a + tʰ au + ɖ a	nep/loan
Athpahariya-Khalde	tomorrow	handeŋ	Athpahariya	h a n + d e ŋ	
Athpahariya-Santang	blood	helik	Athpahariya	h e + l i k	
Athpahariya-Khalde	blood	helik	Athpahariya	h e + l i k	
Athpahariya-Hatiya	blood	helik	Athpahariya	h e + l i k	
Athpahariya-Guthitar	broken	heṭkhare	Athpahariya	h e ʈ + kʰ a + r e	
Athpahariya-Guthitar	broken	heṭkhare	Athpahariya	h e ʈ +kʰ a + r e	
Athpahariya-Tekunala	hammer	həmər	Athpahariya	h ə m ə r	eng/loan: hammer
Athpahariya-Khalde	hammer	həmər	Athpahariya	h ə m ə r	eng/loan: hammer
Athpahariya-Santang	same	hitnarok	Athpahariya	h i t + n a + r o k	
Athpahariya-Tekunala	river	hoŋ	Athpahariya	h o ŋ	
Athpahariya-Khalde	river	hoŋ	Athpahariya	h o ŋ	
Athpahariya-Guthitar	same	inaro	Athpahariya	i + n a + r o	
Athpahariya-Santang	to sleep / sleep!	imseyaŋ	Athpahariya	i m + s e + j a ŋ	
Athpahariya-Khalde	two	ippok	Athpahariya	i p + p o k	
Athpahariya-Hatiya	two	ipok	Athpahariya	i p + p o k	
Athpahariya-Khalde	same	yabak	Athpahariya	j a + b a k	
Athpahariya-Guthitar	son	yambicha	Athpahariya	j a m + b i + tsʰ a	
Athpahariya-Guthitar	light	yeŋyuk	Athpahariya	j e ŋ + j u k	
Athpahariya-Guthitar	boy	yembetsha	Athpahariya	j e m + b e + tsʰ a	
Athpahariya-Santang	to look / look!	yuyak	Athpahariya	j u + j a k	
Athpahariya-Guthitar	body	jiu	Athpahariya	dz i u	nep/loan
Athpahariya-Santang	teeth	keŋ	Athpahariya	k e ŋ	
Athpahariya-Tekunala	teeth	keŋ	Athpahariya	k e ŋ	
Athpahariya-Khalde	teeth	keŋ	Athpahariya	k e ŋ	
Athpahariya-Hatiya	teeth	keŋ	Athpahariya	k e ŋ	
Athpahariya-Guthitar	dog	kochu	Athpahariya	k o + tsʰ u	
Athpahariya-Khalde	dust	kham	Athpahariya	kʰ a m	
Athpahariya-Santang	mud	kham	Athpahariya	kʰ a m	
Athpahariya-Tekunala	mud	kham	Athpahariya	kʰ a m	
Athpahariya-Guthitar	mud	kham	Athpahariya	kʰ a m	
Athpahariya-Khalde	mud	kham	Athpahariya	kʰ a m	
Athpahariya-Hatiya	mud	kham	Athpahariya	kʰ a m	
Athpahariya-Santang	you (formal)	khan	Athpahariya	kʰ a n	
Athpahariya-Tekunala	you (formal)	khan	Athpahariya	kʰ a n	
Athpahariya-Khalde	you (formal)	khan	Athpahariya	kʰ a n	
Athpahariya-Hatiya	you (formal)	khan	Athpahariya	kʰ a n	
Athpahariya-Tekunala	you (informal)	khan	Athpahariya	kʰ a n	
Athpahariya-Khalde	you (informal)	khan	Athpahariya	kʰ a n	
Athpahariya-Hatiya	you (informal)	khan	Athpahariya	kʰ a n	
Athpahariya-Hatiya	you (plural)	khan	Athpahariya	kʰ a n	
Athpahariya-Santang	you (informal)	khaŋ	Athpahariya	kʰ a ŋ	
Athpahariya-Santang	elbow	kheŋmok	Athpahariya	kʰ e ŋ + m o k	
Athpahariya-Santang	hair	khyak	Athpahariya	kʰ j a k	
Athpahariya-Tekunala	hair	phyak	Athpahariya	kʰ j a k	
Athpahariya-Hatiya	hair	khyak	Athpahariya	kʰ j a k	
Athpahariya-Santang	when	khonimbak	Athpahariya	kʰ o + n i m + b a k	
Athpahariya-Hatiya	leaf	labhak	Athpahariya	l a + bʱ a k	
Athpahariya-Santang	moon	lalipmaŋ	Athpahariya	l a + l i p + m a ŋ	
Athpahariya-Khalde	moon	lalipmaŋ	Athpahariya	l a + l i p + m a ŋ	
Athpahariya-Santang	leg	laŋ	Athpahariya	l a ŋ	
Athpahariya-Tekunala	leg	laŋ	Athpahariya	l a ŋ	
Athpahariya-Khalde	leg	laŋ	Athpahariya	l a ŋ	
Athpahariya-Hatiya	leg	laŋ	Athpahariya	l a ŋ	
Athpahariya-Hatiya	far	lapmaŋ	Athpahariya	l a p + m a ŋ	
Athpahariya-Santang	four	lembok	Athpahariya	l e m + b o  k	
Athpahariya-Tekunala	four	lembok	Athpahariya	l e m + b o  k	
Athpahariya-Khalde	four	lembok	Athpahariya	l e m + b o  k	
Athpahariya-Guthitar	tongue	lepha	Athpahariya	l e + pʰ a	
Athpahariya-Santang	cloth	loṭniŋ	Athpahariya	l o ʈ + n i ŋ	
Athpahariya-Tekunala	cloth	loṭniŋ	Athpahariya	l o ʈ + n i ŋ	
Athpahariya-Khalde	cloth	loṭniŋ	Athpahariya	l o ʈ + n i ŋ	
Athpahariya-Hatiya	cloth	loṭniŋ	Athpahariya	l o ʈ + n i ŋ	
Athpahariya-Khalde	belly	mabok	Athpahariya	m a + b o k	
Athpahariya-Guthitar	chili	martsi	Athpahariya	m a r + ts i	
Athpahariya-Guthitar	chili	marci	Athpahariya	m a r + ts i	
Athpahariya-Santang	eye	mik	Athpahariya	m i k	
Athpahariya-Tekunala	eye	mik	Athpahariya	m i k	
Athpahariya-Khalde	eye	mik	Athpahariya	m i k	
Athpahariya-Hatiya	eye	mik	Athpahariya	m i k	
Athpahariya-Guthitar	daughter	myacha	Athpahariya	m j a + tsʰ a	
Athpahariya-Guthitar	woman	myacha	Athpahariya	m j a + tsʰ a	
Athpahariya-Guthitar	girl	mhechya	Athpahariya	m j a + tsʰ j a	
Athpahariya-Guthitar	arm/hand	muk	Athpahariya	m u k	
Athpahariya-Khalde	arm/hand	muk	Athpahariya	m u k	
Athpahariya-Hatiya	arm/hand	muk	Athpahariya	m u k	
Athpahariya-Santang	palm	muktshep	Athpahariya	m u k + tsʰ e p	
Athpahariya-Guthitar	to speak / speak!	mundukma	Athpahariya	m u n + d u k + m a	
Athpahariya-Santang	girl	mheshyema	Athpahariya	mʰ e + sʰ j e + ma	
Athpahariya-Tekunala	girl	mheshyema	Athpahariya	mʰ e + sʰ j a	
Athpahariya-Guthitar	girl	mhetshya	Athpahariya	mʰ e + sʰ j a	
Athpahariya-Khalde	girl	pitshatsi	Athpahariya	p i + tsʰ a + ts i	
Athpahariya-Hatiya	girl	mheshyema	Athpahariya	mʰ e + sʰ j e + ma	
Athpahariya-Santang	face	nabhak	Athpahariya	n a + bʱ a k	
Athpahariya-Tekunala	face	nabhak	Athpahariya	n a + bʱ a k	
Athpahariya-Guthitar	face	nabhak	Athpahariya	n a + bʱ a k	
Athpahariya-Guthitar	face	nabhak	Athpahariya	n a + bʱ a k	
Athpahariya-Khalde	face	nabhak	Athpahariya	n a + bʱ a t	
Athpahariya-Guthitar	these	nakhachi	Athpahariya	n a + kʰ a + tsʰ i	
Athpahariya-Santang	sun	nam	Athpahariya	n a m	
Athpahariya-Tekunala	sun	nam	Athpahariya	n a m	
Athpahariya-Khalde	sun	nam	Athpahariya	n a m	
Athpahariya-Hatiya	sun	nam	Athpahariya	n a m	
Athpahariya-Guthitar	near	nəjik	Athpahariya	n ə + dz i k	nep/loan
Athpahariya-Hatiya	new	nəya	Athpahariya	n ə + j a	
Athpahariya-Santang	name	niŋ	Athpahariya	n i ŋ	
Athpahariya-Tekunala	name	niŋ	Athpahariya	n i ŋ	
Athpahariya-Guthitar	name	niŋ	Athpahariya	n i ŋ	
Athpahariya-Hatiya	name	niŋ	Athpahariya	n i ŋ	
Athpahariya-Hatiya	ear	nubheg	Athpahariya	n u + bʱ e g	
Athpahariya-Khalde	ear	nubhek	Athpahariya	n u + bʱ e k	
Athpahariya-Guthitar	younger brother	nucha	Athpahariya	n u + tsʰ a	
Athpahariya-Guthitar	younger sister	nucha	Athpahariya	n u + tsʰ a	
Athpahariya-Santang	salt	num	Athpahariya	n u m	
Athpahariya-Tekunala	salt	num	Athpahariya	n u m	
Athpahariya-Khalde	salt	num	Athpahariya	n u m	
Athpahariya-Hatiya	salt	num	Athpahariya	n u m	
Athpahariya-Tekunala	horns	otaŋ	Athpahariya	o + t a ŋ	
Athpahariya-Khalde	horns	otaŋ	Athpahariya	o + t a ŋ	
Athpahariya-Santang	what	pak	Athpahariya	p a k	
Athpahariya-Hatiya	what	pak	Athpahariya	p a k	
Athpahariya-Santang	house	paŋ	Athpahariya	p a ŋ	
Athpahariya-Tekunala	house	paŋ	Athpahariya	p a ŋ	
Athpahariya-Khalde	house	paŋ	Athpahariya	p a ŋ	
Athpahariya-Hatiya	house	paŋ	Athpahariya	p a ŋ	
Athpahariya-Guthitar	five	pãts	Athpahariya	p ã ts	nep/loan
Athpahariya-Guthitar	five	pãts	Athpahariya	p ã ts	
Athpahariya-Guthitar	child	pichya	Athpahariya	p i + tsʰ j a	
Athpahariya-Santang	to give / give!	piwak	Athpahariya	p i + w a k	
Athpahariya-Santang	cow	piṭ	Athpahariya	p i ʈ	
Athpahariya-Tekunala	cow	piṭ	Athpahariya	p i ʈ	
Athpahariya-Khalde	cow	piṭ	Athpahariya	p i ʈ	
Athpahariya-Hatiya	cow	piṭ	Athpahariya	p i ʈ	
Athpahariya-Guthitar	onion	pyaj	Athpahariya	p j a dz	loan/nep
Athpahariya-Guthitar	snake	pucha	Athpahariya	p u + tsʰ a	
Athpahariya-Santang	axe	phendik	Athpahariya	pʰ e n + d i k	
Athpahariya-Tekunala	axe	phendik	Athpahariya	pʰ e n + d i k	
Athpahariya-Khalde	axe	phendik	Athpahariya	pʰ e n + d i k	
Athpahariya-Hatiya	axe	phendik	Athpahariya	pʰ e n + d i k	
Athpahariya-Santang	left	pheŋsaŋ	Athpahariya	pʰ e ŋ + s a ŋ	
Athpahariya-Khalde	left	pheŋsaŋ	Athpahariya	pʰ e ŋ + s a ŋ	
Athpahariya-Hatiya	left	pheŋsaŋ	Athpahariya	pʰ e ŋ + s a ŋ	
Athpahariya-Santang	fruit	phəlphul	Athpahariya	pʰ ə l + pʰ u l	nep/loan
Athpahariya-Tekunala	fruit	phəlphul	Athpahariya	pʰ ə l + pʰ u l	nep/loan
Athpahariya-Guthitar	fruit	phəlphul	Athpahariya	pʰ ə l + pʰ u l	nep/loan
Athpahariya-Khalde	fruit	phəlphul	Athpahariya	pʰ ə l + pʰ u l	nep/loan
Athpahariya-Hatiya	fruit	phəlphul	Athpahariya	pʰ ə l + pʰ u l	nep/loan
Athpahariya-Santang	belly	phok	Athpahariya	pʰ o k	
Athpahariya-Tekunala	belly	phok	Athpahariya	pʰ o k	
Athpahariya-Hatiya	belly	phok	Athpahariya	pʰ o k	
Athpahariya-Santang	flower	phuŋ	Athpahariya	pʰ u ŋ	
Athpahariya-Tekunala	flower	phuŋ	Athpahariya	pʰ u ŋ	
Athpahariya-Khalde	flower	phuŋ	Athpahariya	pʰ u ŋ	
Athpahariya-Hatiya	flower	phuŋ	Athpahariya	pʰ u ŋ	
Athpahariya-Tekunala	evening	rimrim	Athpahariya	r i m + r i m	
Athpahariya-Hatiya	those	ruk	Athpahariya	r u k	
Athpahariya-Santang	he	sak	Athpahariya	s a k	
Athpahariya-Santang	she	sak	Athpahariya	s a k	
Athpahariya-Santang	who	sak	Athpahariya	s a k	
Athpahariya-Khalde	gold	sambeŋ	Athpahariya	s a m + b e ŋ	
Athpahariya-Santang	gold	sammyaŋ	Athpahariya	s a m + m j a ŋ	
Athpahariya-Tekunala	gold	sammyaŋ	Athpahariya	s a m + m j a ŋ	
Athpahariya-Hatiya	gold	sammyaŋ	Athpahariya	s a m + m j a ŋ	
Athpahariya-Santang	seven	sat	Athpahariya	s a t	nep/loan
Athpahariya-Tekunala	seven	sat	Athpahariya	s a t	nep/loan
Athpahariya-Khalde	seven	sat	Athpahariya	s a t	nep/loan
Athpahariya-Hatiya	seven	sat	Athpahariya	s a t	nep/loan
Athpahariya-Santang	five	sembok	Athpahariya	s e m + b o k	
Athpahariya-Tekunala	five	sembok	Athpahariya	s e m + b o k	
Athpahariya-Khalde	five	sembok	Athpahariya	s e m + b o k	
Athpahariya-Khalde	firewood	siŋ	Athpahariya	s i ŋ	
Athpahariya-Santang	firewood	siŋ	Athpahariya	s i ŋ	
Athpahariya-Tekunala	firewood	siŋ	Athpahariya	s i ŋ	
Athpahariya-Hatiya	firewood	siŋ	Athpahariya	s i ŋ	
Athpahariya-Santang	tree	siŋ	Athpahariya	s i ŋ	
Athpahariya-Tekunala	tree	siŋ	Athpahariya	s i ŋ	
Athpahariya-Khalde	tree	siŋ	Athpahariya	s i ŋ	
Athpahariya-Hatiya	tree	siŋ	Athpahariya	s i ŋ	
Athpahariya-Santang	three	sumbok	Athpahariya	s u m + b o k	
Athpahariya-Khalde	three	sumbok	Athpahariya	s u m + b o k	
Athpahariya-Hatiya	three	sumbok	Athpahariya	s u m + b o k	
Athpahariya-Khalde	ant	tpoŋgoro	Athpahariya	t Ø/ə + p o ŋ + g o + r o	
Athpahariya-Santang	broom	tamsariŋ	Athpahariya	t a m + s a + r i ŋ	
Athpahariya-Khalde	broom	tamseraŋ	Athpahariya	t a m + s e + r a ŋ	
Athpahariya-Tekunala	broom	tamseren	Athpahariya	t a m + s e + r e n	
Athpahariya-Hatiya	broom	tamsiriŋ	Athpahariya	t a m + s i + r i ŋ	
Athpahariya-Santang	sky	taŋsaŋ	Athpahariya	t a ŋ + s a ŋ	
Athpahariya-Tekunala	sky	taŋsaŋ	Athpahariya	t a ŋ + s a ŋ	
Athpahariya-Hatiya	sky	taŋsaŋ	Athpahariya	t a ŋ + s a ŋ	
Athpahariya-Khalde	head	tek	Athpahariya	t e k	
Athpahariya-Guthitar	four	tsargira	Athpahariya	ts a r + g i + r a	
Athpahariya-Guthitar	to eat / eat!	tso	Athpahariya	ts o	
Athpahariya-Santang	to go / go!	thadak	Athpahariya	tʰ a + d a k	
Athpahariya-Santang	head	thek	Athpahariya	tʰ e k	
Athpahariya-Tekunala	head	thek	Athpahariya	tʰ e k	
Athpahariya-Hatiya	head	thek	Athpahariya	tʰ e k	
Athpahariya-Santang	one	thik	Athpahariya	tʰ i k	
Athpahariya-Tekunala	one	thik	Athpahariya	tʰ i k	
Athpahariya-Khalde	one	thik	Athpahariya	tʰ i k	
Athpahariya-Hatiya	one	ṭhik	Athpahariya	tʰ i k	
Athpahariya-Hatiya	four	tsar	Athpahariya	ts a  r	nep/loan
Athpahariya-Khalde	to eat / eat!	tsama	Athpahariya	ts a + m a	
Athpahariya-Hatiya	to eat / eat!	tsama	Athpahariya	ts a + m a	
Athpahariya-Guthitar	four	cargira	Athpahariya	ts a r + g i + r a	nep/loan
Athpahariya-Santang	to speak / speak!	tsektak	Athpahariya	ts e k + t a k	
Athpahariya-Guthitar	wet	ciso	Athpahariya	ts i + s o	nep/loan
Athpahariya-Guthitar	small	ciktuwa	Athpahariya	ts i k + t u + w a	
Athpahariya-Guthitar	to eat / eat!	co	Athpahariya	ts o	
Athpahariya-Khalde	star	tsoktimbet	Athpahariya	ts o k + t i m + b e t	
Athpahariya-Guthitar	right	coptaŋmuk	Athpahariya	ts o p + t a ŋ + m u k	
Athpahariya-Santang	water	cuwa	Athpahariya	ts u + w a	
Athpahariya-Tekunala	water	cuwa	Athpahariya	ts u + w a	
Athpahariya-Guthitar	water	cuwa	Athpahariya	ts u + w a	
Athpahariya-Khalde	water	cuwa	Athpahariya	ts u + w a	
Athpahariya-Hatiya	water	cuwa	Athpahariya	ts u + w a	
Athpahariya-Guthitar	water	cuwa	Athpahariya	ts u + w a	
Athpahariya-Hatiya	wet	tsuŋ	Athpahariya	ts u ŋ	
Athpahariya-Guthitar	meat	cece	Athpahariya	tse + ts e	
Athpahariya-Hatiya	ant	tshtluma	Athpahariya	tsʰ ?/i + l u + m a	
Athpahariya-Guthitar	urine	chetma	Athpahariya	tsʰ e t + m a	
Athpahariya-Guthitar	cloth	cheʔkatni	Athpahariya	tsʰ e ʔ + k a + n i	
Athpahariya-Santang	six	tshə	Athpahariya	tsʰ ə	
Athpahariya-Tekunala	six	tshə	Athpahariya	tsʰ ə	
Athpahariya-Guthitar	six	tshə	Athpahariya	tsʰ ə	
Athpahariya-Khalde	six	tshə	Athpahariya	tsʰ ə	
Athpahariya-Hatiya	six	tshə	Athpahariya	tsʰ ə	
Athpahariya-Santang	needle	tshomet	Athpahariya	tsʰ o + m e t	
Athpahariya-Tekunala	needle	tshomet	Athpahariya	tsʰ o + m e t	
Athpahariya-Khalde	needle	tshomet	Athpahariya	tsʰ o + m e t	
Athpahariya-Hatiya	needle	tshomet	Athpahariya	tsʰ o + m e t	
Athpahariya-Guthitar	needle	chomeʈ	Athpahariya	tsʰ o + m e ʈ	
Athpahariya-Tekunala	knife	tshurik	Athpahariya	tsʰ u + r i k	
Athpahariya-Hatiya	knife	tshurik	Athpahariya	tsʰ u + r i k	
Athpahariya-Khalde	right	tshuptaŋ	Athpahariya	tsʰ u p + t a ŋ	
Athpahariya-Hatiya	right	tshuptaŋ	Athpahariya	tsʰ u p + t a ŋ	
Athpahariya-Guthitar	right	coptaŋmuk	Athpahariya	ts o p + t a ŋ + m u k	
Athpahariya-Khalde	mosquito	ṭoŋghen	Athpahariya	ʈ o ŋ + gʱ e n	
Athpahariya-Hatiya	mosquito	ṭoŋghen	Athpahariya	ʈ o ŋ + gʱ e n	
Athpahariya-Santang	mosquito	ṭoŋgheŋ	Athpahariya	ʈ o ŋ + gʱ e ŋ	
Athpahariya-Tekunala	mosquito	ṭoŋgheŋ	Athpahariya	ʈ o ŋ + gʱ e ŋ	
Athpahariya-Santang	burn (the wood)!	udak	Athpahariya	u + d a k	
Athpahariya-Santang	horns	utaŋ	Athpahariya	u + t a ŋ	
Athpahariya-Guthitar	new	uchəŋwat	Athpahariya	u + tsʰ ə ŋ + w a t	
Athpahariya-Khalde	new	utshoŋwat	Athpahariya	u + tsʰ o ŋ + w a t	
Athpahariya-Tekunala	he	un	Athpahariya	u n	
Athpahariya-Guthitar	he	un	Athpahariya	u n	
Athpahariya-Hatiya	he	un	Athpahariya	u n	
Athpahariya-Tekunala	she	un	Athpahariya	u n	
Athpahariya-Guthitar	those	untshik	Athpahariya	u n + t sʰ i k	
Athpahariya-Guthitar	she	unchik	Athpahariya	u n + tsʰ i k	
Athpahariya-Guthitar	those	unchik	Athpahariya	u n + tsʰ i k	
Athpahariya-Guthitar	fat (of meat)	uʔchəwat	Athpahariya	u ʔ + tsʰ ə + w a t	
Athpahariya-Tekunala	chicken	wadzilet	Athpahariya	w a + dz i + l e t	
Athpahariya-Santang	chicken	wadzilet	Athpahariya	w a + dz i + l e t	
Athpahariya-Khalde	chicken	wadzilet	Athpahariya	w a + dz i + l e t	
Athpahariya-Hatiya	chicken	wadzilet	Athpahariya	w a + dz i + l e t	
Athpahariya-Khalde	egg	waɖin	Athpahariya	w a + ɖ i n	
Athpahariya-Guthitar	chicken	watsilet	Athpahariya	w a + ts i + l e t	
Athpahariya-Guthitar	chicken	wacilet	Athpahariya	w a + ts i + l e t	
Athpahariya-Hatiya	egg	waɖhin	Athpahariya	w a ɖʱ i n	
Athpahariya-Tekunala	rain	waet	Athpahariya	w a e t	
Athpahariya-Guthitar	blood	welik	Athpahariya	w e + l i k	
Athpahariya-Santang	rain	wet	Athpahariya	w e t	
Athpahariya-Hatiya	rain	wet	Athpahariya	w e t	
Athpahariya-Hatiya	tail	womelak	Athpahariya	w o + m e + l a k	
Athpahariya-Hatiya	good	wotset	Athpahariya	w o + ts e  t	
Athpahariya-Santang	good	wotset	Athpahariya	w o + ts e t	
Athpahariya-Santang	body	dziu	Athpahariya		loan/nep
Athpahariya-Tekunala	body	dziu	Athpahariya		loan/nep
Athpahariya-Guthitar	body	dziu	Athpahariya		loan/nep
Athpahariya-Khalde	body	dziu	Athpahariya		loan/nep
Athpahariya-Hatiya	body	dziu	Athpahariya		loan/nep
Athpahariya-Santang	bone	sarwa	Athpahariya		loan/nep
Athpahariya-Santang	onion	pyadz	Athpahariya	p j a dz	loan/nep
Athpahariya-Tekunala	onion	pyadz	Athpahariya	p j a dz	loan/nep
Athpahariya-Guthitar	onion	pyadz	Athpahariya	p j a dz	loan/nep
Athpahariya-Khalde	onion	pyadz	Athpahariya	p j a dz	loan/nep
Athpahariya-Hatiya	onion	pyadz	Athpahariya	p j a dz	loan/nep
Athpahariya-Guthitar	ring	əuŋthi	Athpahariya		loan/nep
Athpahariya-Guthitar	river	nədi	Athpahariya		loan/nep
Athpahariya-Santang	roof	dhuri	Athpahariya		loan/nep
Athpahariya-Tekunala	roof	dhuri	Athpahariya		loan/nep
Athpahariya-Guthitar	roof	tshano	Athpahariya		loan/nep
Athpahariya-Khalde	roof	dhuri	Athpahariya		loan/nep
Athpahariya-Hatiya	roof	dhuri	Athpahariya		loan/nep
Athpahariya-Guthitar	roof	chano	Athpahariya		loan/nep
Athpahariya-Guthitar	star	tara	Athpahariya		loan/nep
Athpahariya-Santang	tomato	rambhẽɖa	Athpahariya		loan/nep
Athpahariya-Tekunala	tomato	rambhẽɖa	Athpahariya		loan/nep
Athpahariya-Guthitar	tomato	rambhẽɖa	Athpahariya		loan/nep
Athpahariya-Khalde	tomato	rambhẽɖa	Athpahariya		loan/nep
Athpahariya-Hatiya	tomato	rambhẽɖa	Athpahariya		loan/nep
Athpahariya-Guthitar	tomato	rambheɖa	Athpahariya		loan/nep
Athpahariya-Santang	twelve	barə	Athpahariya		loan/nep
Athpahariya-Tekunala	twelve	barə	Athpahariya		loan/nep
Athpahariya-Guthitar	twelve	barə	Athpahariya		loan/nep
Athpahariya-Khalde	twelve	barə	Athpahariya		loan/nep
Athpahariya-Hatiya	twelve	barə	Athpahariya		loan/nep
Athpahariya-Guthitar	twelve	barə	Athpahariya		loan/nep
Athpahariya-Santang	whole	sobbe	Athpahariya		loan/nep
Athpahariya-Tekunala	whole	sobbe	Athpahariya		loan/nep
Athpahariya-Guthitar	whole	sobbe	Athpahariya		loan/nep
Athpahariya-Khalde	whole	sobbe	Athpahariya		loan/nep
Athpahariya-Hatiya	whole	sobbe	Athpahariya		loan/nep
Athpahariya-Khalde	breast	dut	Athpahariya		loan/nep
Athpahariya-Guthitar	breast	dudh	Athpahariya		loan/nep
Athpahariya-Santang	ash	kharani	Athpahariya		loan/nep
Athpahariya-Tekunala	ash	kharani	Athpahariya		loan/nep
Athpahariya-Guthitar	ash	kharani	Athpahariya		loan/nep
Athpahariya-Khalde	ash	kharani	Athpahariya		loan/nep
Athpahariya-Hatiya	ash	kharani	Athpahariya		loan/nep
Athpahariya-Guthitar	ash	kharani	Athpahariya		loan/nep
Athpahariya-Guthitar	barley	jəu	Athpahariya		loan/nep
Athpahariya-Santang	cabbage	bənda	Athpahariya		loan/nep
Athpahariya-Tekunala	cabbage	bənda	Athpahariya		loan/nep
Athpahariya-Guthitar	cabbage	bənda	Athpahariya		loan/nep
Athpahariya-Khalde	cabbage	bənda	Athpahariya		loan/nep
Athpahariya-Hatiya	cabbage	bənda	Athpahariya		loan/nep
Athpahariya-Guthitar	cabbage	bənda	Athpahariya		loan/nep
Athpahariya-Santang	cauliflower	kauli	Athpahariya		loan/nep
Athpahariya-Tekunala	cauliflower	kauli	Athpahariya		loan/nep
Athpahariya-Guthitar	cauliflower	kauli	Athpahariya		loan/nep
Athpahariya-Khalde	cauliflower	kauli	Athpahariya		loan/nep
Athpahariya-Hatiya	cauliflower	kauli	Athpahariya		loan/nep
Athpahariya-Guthitar	cauliflower	kauli	Athpahariya		loan/nep
Athpahariya-Santang	dust	dhulo	Athpahariya		loan/nep
Athpahariya-Hatiya	dust	dhulo	Athpahariya		loan/nep
Athpahariya-Guthitar	dust	dhulo	Athpahariya		loan/nep
Athpahariya-Khalde	eggplant	bhanta	Athpahariya		loan/nep
Athpahariya-Hatiya	eggplant	bhanta	Athpahariya		loan/nep
Athpahariya-Santang	eight	ath	Athpahariya		loan/nep
Athpahariya-Tekunala	eight	ath	Athpahariya		loan/nep
Athpahariya-Guthitar	eight	ath	Athpahariya		loan/nep
Athpahariya-Khalde	eight	ath	Athpahariya		loan/nep
Athpahariya-Hatiya	eight	ath	Athpahariya		loan/nep
Athpahariya-Guthitar	eight	ath	Athpahariya		loan/nep
Athpahariya-Guthitar	elbow	kuino	Athpahariya		loan/nep
Athpahariya-Guthitar	elbow	kuino	Athpahariya		loan/nep
Athpahariya-Santang	eleven	egarə	Athpahariya		loan/nep
Athpahariya-Tekunala	eleven	egarə	Athpahariya		loan/nep
Athpahariya-Guthitar	eleven	egarə	Athpahariya		loan/nep
Athpahariya-Khalde	eleven	egarə	Athpahariya		loan/nep
Athpahariya-Hatiya	eleven	egarə	Athpahariya		loan/nep
Athpahariya-Guthitar	eleven	egarə	Athpahariya		loan/nep
Athpahariya-Guthitar	far	ṭadha	Athpahariya		loan/nep
Athpahariya-Tekunala	finger	aŋguli	Athpahariya		loan/nep
Athpahariya-Guthitar	finger	aŋguli	Athpahariya		loan/nep
Athpahariya-Khalde	finger	aŋguli	Athpahariya		loan/nep
Athpahariya-Hatiya	finger	aŋguli	Athpahariya		loan/nep
Athpahariya-Guthitar	finger	aŋguli	Athpahariya		loan/nep
Athpahariya-Guthitar	groundnut	bədam	Athpahariya		loan/nep
Athpahariya-Guthitar	hammer	hathauda	Athpahariya		loan/nep
Athpahariya-Santang	mother	ama	Athpahariya		loan/nep
Athpahariya-Tekunala	mother	ama	Athpahariya		loan/nep
Athpahariya-Guthitar	mother	ama	Athpahariya		loan/nep
Athpahariya-Khalde	mother	ama	Athpahariya		loan/nep
Athpahariya-Hatiya	mother	ama	Athpahariya		loan/nep
Athpahariya-Santang	new	nəya	Athpahariya		loan/nep
Athpahariya-Santang	one hundred	eksəy	Athpahariya		loan/nep
Athpahariya-Tekunala	one hundred	eksəy	Athpahariya		loan/nep
Athpahariya-Guthitar	one hundred	eksəy	Athpahariya		loan/nep
Athpahariya-Khalde	one hundred	eksəy	Athpahariya		loan/nep
Athpahariya-Hatiya	one hundred	eksəy	Athpahariya		loan/nep
Athpahariya-Santang	potato	alu	Athpahariya		loan/nep
Athpahariya-Tekunala	potato	alu	Athpahariya		loan/nep
Athpahariya-Guthitar	potato	alu	Athpahariya		loan/nep
Athpahariya-Khalde	potato	alu	Athpahariya		loan/nep
Athpahariya-Hatiya	potato	alu	Athpahariya		loan/nep
Athpahariya-Guthitar	potato	alu	Athpahariya		loan/nep
Athpahariya-Guthitar	seven	sat	Athpahariya		loan/nep
Athpahariya-Guthitar	smoke	dhuwã	Athpahariya		loan/nep
Athpahariya-Santang	week	sata	Athpahariya		loan/nep
Athpahariya-Tekunala	week	sata	Athpahariya		loan/nep
Athpahariya-Guthitar	week	həpta	Athpahariya		loan/nep
Athpahariya-Khalde	week	sata	Athpahariya		loan/nep
Athpahariya-Hatiya	week	sata	Athpahariya		loan/nep
Athpahariya-Guthitar	week	həpta	Athpahariya		loan/nep
Athpahariya-Santang	wheat (husked)	gəhũ	Athpahariya		loan/nep
Athpahariya-Tekunala	wheat (husked)	gəhũ	Athpahariya		loan/nep
Athpahariya-Guthitar	wheat (husked)	gəhũ	Athpahariya		loan/nep
Athpahariya-Khalde	wheat (husked)	gəhũ	Athpahariya		loan/nep
Athpahariya-Hatiya	wheat (husked)	gəhũ	Athpahariya		loan/nep
Athpahariya-Guthitar	wheat (husked)	gəhũ	Athpahariya		loan/nep
Athpahariya-Guthitar	year	bərsə	Athpahariya		loan/nep
Belhare-Belhare	boy	ayambicha	Belhare	a + j a m + b i + tsʰ a	
Belhare-Belhare	husband	ayambicha	Belhare	a + j a m + b i + tsʰ a	
Belhare-Belhare	sky	akas	Belhare	a + k a s	loan/nep
Belhare-Piple	sky	akas	Belhare	a + k a s	loan/nep
Belhare-Rudrabari	sky	akas	Belhare	a + k a s	loan/nep
Belhare-Belhare	wife	amyacha	Belhare	a + m j a + tsʰ a	
Belhare-Belhare	younger brother	anucha	Belhare	a + n u + tsʰ a	
Belhare-Rudrabari	younger brother	anucha	Belhare	a + n u + tsʰ a	
Belhare-Belhare	younger sister	anucha	Belhare	a + n u + tsʰ a	
Belhare-Rudrabari	younger sister	anucha	Belhare	a + n u + tsʰ a	
Belhare-Rudrabari	son	acha	Belhare	a + tsʰ a	
Belhare-Rudrabari	wife	ambiacha	Belhare	a m + b i/j a + tsʰ a	
Belhare-Belhare	twenty	bis	Belhare	b i s	loan/nep
Belhare-Piple	twenty	bis	Belhare	b i s	loan/nep
Belhare-Rudrabari	twenty	bis	Belhare	b i s	loan/nep
Belhare-Belhare	ten	dəs	Belhare	d ə s	nep/loan
Belhare-Piple	ten	dəs	Belhare	d ə s	nep/loan
Belhare-Rudrabari	ten	dəs	Belhare	d ə s	nep/loan
Belhare-Belhare	barley	jəu	Belhare	dzəu	nep/loan
Belhare-Piple	one hundred	eksəy	Belhare	e k + s əj	nep/loan
Belhare-Rudrabari	one hundred	eksəy	Belhare	e k + s əj	nep/loan
Belhare-Piple	you (plural)	hanchik	Belhare	h a n + tsʰ i k	
Belhare-Piple	broken	heʔṭkhare	Belhare	h e ʔ ʈ + k a + r e	
Belhare-Rudrabari	broken	heiʔyãhã	Belhare	h ei ʔ + j  ã + h ã	
Belhare-Belhare	broken	heiʔyãhã	Belhare	h ei ʔ + j ã + h ã	
Belhare-Rudrabari	feces	hichep ma	Belhare	h i + tsʰ e + p + m a	
Belhare-Piple	one	igiɖ	Belhare	i + g i ɖ	
Belhare-Piple	same	inacha	Belhare	i + n a + tsʰ a	
Belhare-Rudrabari	husband	imbicha	Belhare	i m + b i + tsʰ a	
Belhare-Belhare	son	yambicha acha	Belhare	j a m + b i + tsʰ a + a + tsʰ a	
Belhare-Piple	son	yambicha acha	Belhare	j a m + b i + tsʰ a + a + tsʰ a	
Belhare-Piple	light	yeŋyu	Belhare	j e + ŋ j u	
Belhare-Piple	boy	yembicha	Belhare	j e m + b i + tsʰ a	
Belhare-Rudrabari	boy	yembicha	Belhare	j e m + b i + tsʰ a	
Belhare-Belhare	body	jiu	Belhare	dz u	loan: Nepali
Belhare-Piple	body	jiu	Belhare	dz u	loan: Nepali
Belhare-Rudrabari	body	jiu	Belhare	dz u	loan: Nepali
Belhare-Belhare	dog	kochu	Belhare	k o + tsʰ u	
Belhare-Piple	dog	kochu	Belhare	k o + tsʰ u	
Belhare-Rudrabari	dog	kochu	Belhare	k o + tsʰ u	
Belhare-Belhare	tongue	lephpha	Belhare	l e p + pʰ a	
Belhare-Piple	tongue	lekhpha	Belhare	l e kʰ + pʰ a	
Belhare-Rudrabari	tongue	lekhpha	Belhare	l e kʰ + pʰ a	
Belhare-Belhare	stone	luŋghek	Belhare	l u ŋ	
Belhare-Piple	stone	luŋgheʔk	Belhare	l u ŋ + gʱ e ʔ k	
Belhare-Rudrabari	garlic	maŋghuʔk	Belhare	m a ŋ + gʱ u ʔ  k	
Belhare-Piple	garlic	maŋghuʔk	Belhare	m a ŋ + gʱ u ʔ k	
Belhare-Piple	chili	martci	Belhare	m a r + ts i	
Belhare-Belhare	chili	marci	Belhare	m a r + ts i	
Belhare-Rudrabari	chili	marci	Belhare	m a r + tsi	
Belhare-Belhare	woman	miyacha	Belhare	m i + j a + tsʰ a	
Belhare-Rudrabari	daughter	miacha	Belhare	m i/j a + tsʰ a	
Belhare-Piple	woman	myacha	Belhare	m j a + tsʰ a	
Belhare-Rudrabari	woman	miacha	Belhare	m j a + tsʰ a	
Belhare-Belhare	daughter	myacha acha	Belhare	m j a + tsʰ a + a + tsʰ a	
Belhare-Piple	daughter	myacha acha	Belhare	m j a + tsʰ a + a + tsʰ a	
Belhare-Belhare	girl	myachya	Belhare	m j a + tsʰ j a	
Belhare-Piple	girl	myachya	Belhare	m j a + tsʰ j a	
Belhare-Rudrabari	girl	miacha	Belhare	m j a + tsʰ j a	
Belhare-Piple	face	nabhak	Belhare	n a + bʱ a k	
Belhare-Rudrabari	face	nabhak	Belhare	n a + bʱ a k	
Belhare-Rudrabari	near	nəjik	Belhare	n ə + dz i k	nep/loan
Belhare-Piple	younger brother	nucha	Belhare	n u + tsʰ a	
Belhare-Piple	younger sister	nucha	Belhare	n u + tsʰ a	
Belhare-Belhare	five	pãc	Belhare	p a ts	nep/loan
Belhare-Rudrabari	five	pãc	Belhare	p a ts	nep/loan
Belhare-Piple	child	picha	Belhare	p i + tsʰ a	
Belhare-Belhare	child	piccha	Belhare	p i ts + tsʰ a	
Belhare-Belhare	onion	pyaj	Belhare	p j a dz	loan/nep
Belhare-Piple	onion	pyaj	Belhare	p j a dz	loan/nep
Belhare-Rudrabari	onion	pyaj	Belhare	p j a dz	loan/nep
Belhare-Belhare	snake	pucha	Belhare	p u + tsʰ a	
Belhare-Piple	snake	pucha	Belhare	p u + tsʰ a	
Belhare-Rudrabari	snake	pu:cha	Belhare	p uː + tsʰ a	
Belhare-Belhare	to eat / eat!	cama	Belhare	ts a + m a	
Belhare-Piple	to eat / eat!	cana	Belhare	ts a + n a	
Belhare-Belhare	rice (husked)	casa	Belhare	ts a + s a	
Belhare-Piple	rice (husked)	cacək	Belhare	ts a + ts ə k	
Belhare-Belhare	four	car	Belhare	ts a r	nep/loan
Belhare-Piple	four	cargida	Belhare	ts a r + g i + d a	nep/loan
Belhare-Rudrabari	four	cargira	Belhare	ts a r + g i + r a	nep/loan
Belhare-Rudrabari	to speak / speak!	cekma	Belhare	ts e k + m a	
Belhare-Belhare	small	ciʔna	Belhare	ts i + n a	
Belhare-Belhare	cold	ciso	Belhare	ts i + s o	
Belhare-Piple	cold	ciso	Belhare	ts i + s o	
Belhare-Belhare	water	cuwa	Belhare	ts u + w a	
Belhare-Piple	water	cuwa	Belhare	ts u + w a	
Belhare-Rudrabari	water	cuwa	Belhare	ts u + w a	
Belhare-Belhare	right	c uptaŋ	Belhare	ts u p + t a ŋ	
Belhare-Piple	to speak / speak!	cega	Belhare	tse + g a	
Belhare-Belhare	meat	cece	Belhare	tse + ts e	
Belhare-Piple	meat	cece	Belhare	tse + ts e	
Belhare-Rudrabari	meat	cece	Belhare	tse + ts e	
Belhare-Rudrabari	urine	chepma	Belhare	tsʰ e p + m a	
Belhare-Belhare	cloth	cheʔkani	Belhare	tsʰ e ʔ + k a + n i	
Belhare-Piple	cloth	cheʔkani	Belhare	tsʰ e ʔ + k a + n i	
Belhare-Rudrabari	cloth	cheʔkani	Belhare	tsʰ e ʔ + k a + n i	
Belhare-Piple	urine	cheʔma	Belhare	tsʰ e ʔ + m a	
Belhare-Belhare	urine	cheʔpma	Belhare	tsʰ e ʔ p + m a	
Belhare-Belhare	needle	chomeʈ	Belhare	tsʰ o + m e ʈ	
Belhare-Piple	needle	chomeʈ	Belhare	tsʰ o + m e ʈ	
Belhare-Rudrabari	needle	chomeʈ	Belhare	tsʰ o + m e ʈ	
Belhare-Belhare	fingernail	choʔkmasik	Belhare	tsʰ o ʔ k + m a + s i k	
Belhare-Piple	right	ch uptaŋ	Belhare	tsʰ u p + t a ŋ	
Belhare-Rudrabari	right	chuptaŋ	Belhare	tsʰ u p + t a ŋ	
Belhare-Rudrabari	small	ci:kha	Belhare	tsiː + kʰ a	
Belhare-Belhare	to speak / speak!	cekma	Belhare	tʃse k + m a	
Belhare-Rudrabari	different	ʈaʈaro	Belhare	ʈ a + ʈ a + r o	
Belhare-Piple	those	ukha	Belhare	u + kʰ a	
Belhare-Belhare	new	uchəuwat	Belhare	u + tsʰ əu + w a t	
Belhare-Piple	new	uchəũwat	Belhare	u + tsʰ əũ + w a t	
Belhare-Piple	fat (of meat)	uchot	Belhare	u + tsʰ o t	
Belhare-Rudrabari	fat (of meat)	uchot	Belhare	u + tsʰ o t	
Belhare-Rudrabari	new	uchuŋwat	Belhare	u + tsʰ u ŋ + w a t	
Belhare-Rudrabari	same	unchikuncha	Belhare	u n + tsʰ i + k u n + tsʰ a	
Belhare-Belhare	they	unchik	Belhare	u n + tsʰ i k	
Belhare-Rudrabari	they	unchik	Belhare	u n + tsʰ i k	
Belhare-Belhare	those	unchik	Belhare	u n + tsʰ i k	
Belhare-Rudrabari	those	unchik	Belhare	u n + tsʰ i k	
Belhare-Piple	they	uʔchik	Belhare	u ʔ + tsʰ i k	
Belhare-Belhare	fat (of meat)	uʔchot	Belhare	u ʔ + tsʰ o t	
Belhare-Belhare	chicken	wacile	Belhare	w a + ts i + l e	
Belhare-Piple	chicken	wacile	Belhare	w a + ts i + l e	
Belhare-Rudrabari	chicken	wacile	Belhare	w a + tsi + l e	
Belhare-Belhare	ring	əŋguthi	Belhare		nep/loan
Belhare-Piple	ring	əŋguthi	Belhare		nep/loan
Belhare-Rudrabari	ring	əŋguthi	Belhare		nep/loan
Belhare-Belhare	river	nədi	Belhare		nep/loan
Belhare-Piple	river	nədi	Belhare		nep/loan
Belhare-Rudrabari	river	nədi	Belhare		nep/loan
Belhare-Belhare	roof	dhuri	Belhare		nep/loan
Belhare-Piple	roof	dhuri	Belhare		nep/loan
Belhare-Rudrabari	roof	chano	Belhare		nep/loan
Belhare-Rudrabari	star	tara	Belhare		nep/loan
Belhare-Belhare	tomato	golbheɖa	Belhare		nep/loan
Belhare-Piple	tomato	rəmmenʈa	Belhare		nep/loan
Belhare-Rudrabari	tomato	golbheɖa	Belhare		nep/loan
Belhare-Belhare	twelve	barə	Belhare		nep/loan
Belhare-Piple	twelve	barə	Belhare		nep/loan
Belhare-Rudrabari	twelve	barə	Belhare		nep/loan
Belhare-Belhare	cloud	badəl	Belhare		nep/loan
Belhare-Piple	cloud	badəl	Belhare		nep/loan
Belhare-Rudrabari	cloud	badəl	Belhare		nep/loan
Belhare-Belhare	breast	dudh	Belhare		nep/loan
Belhare-Piple	breast	dudh	Belhare		nep/loan
Belhare-Rudrabari	breast	dudh	Belhare		nep/loan
Belhare-Rudrabari	ash	kharani	Belhare		nep/loan
Belhare-Piple	barley	jəu	Belhare		nep/loan
Belhare-Rudrabari	barley	jəu	Belhare		nep/loan
Belhare-Belhare	cabbage	bənda	Belhare		nep/loan
Belhare-Piple	cabbage	bənda	Belhare		nep/loan
Belhare-Rudrabari	cabbage	bənda	Belhare		nep/loan
Belhare-Belhare	cauliflower	kauli	Belhare		nep/loan
Belhare-Piple	cauliflower	kauli	Belhare		nep/loan
Belhare-Rudrabari	cauliflower	kauli	Belhare		nep/loan
Belhare-Belhare	different	phərək	Belhare		nep/loan
Belhare-Piple	different	phərək	Belhare		nep/loan
Belhare-Belhare	dust	dhulo	Belhare		nep/loan
Belhare-Piple	dust	dhulo	Belhare		nep/loan
Belhare-Rudrabari	dust	dhulo	Belhare		nep/loan
Belhare-Belhare	eggplant	bhənta	Belhare		nep/loan
Belhare-Piple	eggplant	bhənta	Belhare		nep/loan
Belhare-Belhare	eight	ath	Belhare		nep/loan
Belhare-Piple	eight	ath	Belhare		nep/loan
Belhare-Rudrabari	eight	ath	Belhare		nep/loan
Belhare-Belhare	elbow	kuino	Belhare		nep/loan
Belhare-Piple	elbow	kuino	Belhare		nep/loan
Belhare-Rudrabari	elbow	kuino	Belhare		nep/loan
Belhare-Belhare	eleven	egarə	Belhare		nep/loan
Belhare-Piple	eleven	egarə	Belhare		nep/loan
Belhare-Rudrabari	eleven	egarə	Belhare		nep/loan
Belhare-Rudrabari	far	ʈaɖa	Belhare		nep/loan
Belhare-Belhare	finger	aŋgulik	Belhare		nep/loan
Belhare-Piple	finger	aŋgulik	Belhare		nep/loan
Belhare-Rudrabari	finger	aŋgulik	Belhare		nep/loan
Belhare-Piple	five	pãcgida	Belhare		nep/loan
Belhare-Belhare	gold	sun	Belhare		nep/loan
Belhare-Rudrabari	gold	sun	Belhare		nep/loan
Belhare-Belhare	groundnut	bədam	Belhare		nep/loan
Belhare-Piple	groundnut	bədam	Belhare		nep/loan
Belhare-Rudrabari	groundnut	bədam	Belhare		nep/loan
Belhare-Belhare	hammer	hathauda	Belhare		nep/loan
Belhare-Rudrabari	hammer	hathauda	Belhare		nep/loan
Belhare-Belhare	one hundred	eksəy	Belhare		nep/loan
Belhare-Belhare	potato	alu	Belhare		nep/loan
Belhare-Piple	potato	alu	Belhare		nep/loan
Belhare-Rudrabari	potato	alu	Belhare		nep/loan
Belhare-Rudrabari	seven	sat	Belhare		nep/loan
Belhare-Belhare	week	sata	Belhare		nep/loan
Belhare-Piple	week	sata	Belhare		nep/loan
Belhare-Rudrabari	week	sata	Belhare		nep/loan
Belhare-Belhare	wheat (husked)	gəhũ	Belhare		nep/loan
Belhare-Piple	wheat (husked)	gəhũ	Belhare		nep/loan
Belhare-Rudrabari	wheat (husked)	gəhũ	Belhare		nep/loan
Belhare-Belhare	year	bərsə	Belhare		nep/loan
Belhare-Piple	year	bərsə	Belhare		nep/loan
Belhare-Rudrabari	year	bərsə	Belhare		nep/loan

